feature,importance
bin1,0.19130811
bin2,0.108196765
bin3,0.15260912
bin4,0.11459823
bin5,0.010998664
bin6,0.009161843
bin7,0.013574061
bin8,0.01221142
bin9,0.013997066
bin10,0.011280573
bin11,0.009062827
bin12,0.012982744
bin13,0.015783083
bin14,0.02205932
bin15,0.0144895315
bin16,0.031313162
bin17,0.017141981
bin18,0.019448452
bin19,0.012160785
bin20,0.021265524
bin21,0.015049376
bin22,0.026330847
bin23,0.014446905
bin24,0.015656993
bin25,0.011930868
bin26,0.011186
bin27,0.016268171
bin28,0.014022376
bin29,0.023295395
bin30,0.038169812
