feature,importance
bin1,0.049588542
bin2,0.21461037
bin3,0.087491654
bin4,0.01804802
bin5,0.017220099
bin6,0.020164445
bin7,0.05280702
bin8,0.06617618
bin9,0.056158908
bin10,0.039921306
bin11,0.023327736
bin12,0.02658032
bin13,0.01731083
bin14,0.037856046
bin15,0.06174591
bin16,0.01754459
bin17,0.019568855
bin18,0.027651018
bin19,0.011477877
bin20,0.017135635
bin21,0.01277651
bin22,0.010758944
bin23,0.015391451
bin24,0.01543658
bin25,0.0075796116
bin26,0.0096708825
bin27,0.012936042
bin28,0.008941076
bin29,0.011350967
bin30,0.012772642
