feature,importance
bin1,0.018597536
bin2,0.020864882
bin3,0.023931175
bin4,0.03352631
bin5,0.022706566
bin6,0.3160078
bin7,0.15098502
bin8,0.02882153
bin9,0.02060302
bin10,0.021321315
bin11,0.01473566
bin12,0.01602141
bin13,0.015570865
bin14,0.008742556
bin15,0.015209552
bin16,0.014893486
bin17,0.018786166
bin18,0.015194628
bin19,0.021948826
bin20,0.026604861
bin21,0.024553955
bin22,0.016004704
bin23,0.021113232
bin24,0.033848546
bin25,0.01550633
bin26,0.012289904
bin27,0.011881577
bin28,0.013721249
bin29,0.013596101
bin30,0.012411211
