{
  "dataset": "dataset_threeepoch.csv",
  "used_bins": [
    "bin1",
    "bin2",
    "bin3",
    "bin4",
    "bin5",
    "bin6",
    "bin7",
    "bin8",
    "bin9",
    "bin10",
    "bin11",
    "bin12",
    "bin13",
    "bin14",
    "bin15",
    "bin16",
    "bin17",
    "bin18",
    "bin19",
    "bin20",
    "bin21",
    "bin22",
    "bin23",
    "bin24",
    "bin25",
    "bin26",
    "bin27",
    "bin28",
    "bin29",
    "bin30"
  ],
  "dropped_bins": [],
  "RF": {
    "Ne1": {
      "R2": 0.5127180041867724,
      "RMSE_log10": 0.25062251911881356,
      "MAE_log10": 0.19355434490652754,
      "Spearman": 0.5101475634222714,
      "R2_cv_mean": 0.5768333277389518,
      "R2_cv_std": 0.0375555092279751,
      "RMSE_log10_cv_mean": 0.23879438324034616,
      "RMSE_log10_cv_std": 0.012135614235728896,
      "MAE_log10_cv_mean": 0.1902893284613385,
      "MAE_log10_cv_std": 0.007811763033158945,
      "RMSE_multiplier": 1.7808302292518958,
      "has_shap": true
    },
    "Ne2": {
      "R2": 0.6977093857090135,
      "RMSE_log10": 0.20975978390688196,
      "MAE_log10": 0.15216905756262164,
      "Spearman": 0.7245643152048777,
      "R2_cv_mean": 0.7420899557437561,
      "R2_cv_std": 0.035914026843938816,
      "RMSE_log10_cv_mean": 0.19342374565427373,
      "RMSE_log10_cv_std": 0.008262187690034662,
      "MAE_log10_cv_mean": 0.14322449299789947,
      "MAE_log10_cv_std": 0.004575134239296849,
      "RMSE_multiplier": 1.6209132930515924,
      "has_shap": true
    },
    "Ne3": {
      "R2": 0.8222564184705847,
      "RMSE_log10": 0.15826239452893567,
      "MAE_log10": 0.11549144719207756,
      "Spearman": 0.8358022475487465,
      "R2_cv_mean": 0.8113328481478224,
      "R2_cv_std": 0.023882555217334102,
      "RMSE_log10_cv_mean": 0.16258690276274787,
      "RMSE_log10_cv_std": 0.006164233847053206,
      "MAE_log10_cv_mean": 0.12006977853780847,
      "MAE_log10_cv_std": 0.0025366346972034667,
      "RMSE_multiplier": 1.4396681424890367,
      "has_shap": true
    },
    "AVG": {
      "R2": 0.6775612694554569,
      "RMSE_log10": 0.20621489918487704,
      "MAE_log10": 0.15373828322040892
    }
  },
  "XGB": {
    "Ne1": {
      "R2": 0.4979577193437583,
      "RMSE_log10": 0.2543900116573368,
      "MAE_log10": 0.19481375282792812,
      "Spearman": 0.4979363621022631,
      "R2_cv_mean": 0.5707536380016673,
      "R2_cv_std": 0.04820682073637143,
      "RMSE_log10_cv_mean": 0.24043561405132596,
      "RMSE_log10_cv_std": 0.015684564755267062,
      "MAE_log10_cv_mean": 0.18876816731883467,
      "MAE_log10_cv_std": 0.010486879844815947,
      "RMSE_multiplier": 1.7963460844091765,
      "has_shap": true
    },
    "Ne2": {
      "R2": 0.6832233030604576,
      "RMSE_log10": 0.21472692676788693,
      "MAE_log10": 0.1506568670612176,
      "Spearman": 0.7188859354326561,
      "R2_cv_mean": 0.7524039906294799,
      "R2_cv_std": 0.03732564192467501,
      "RMSE_log10_cv_mean": 0.18942894013904443,
      "RMSE_log10_cv_std": 0.008544391108773529,
      "MAE_log10_cv_mean": 0.13921122347150214,
      "MAE_log10_cv_std": 0.0058458275373975835,
      "RMSE_multiplier": 1.6395585366669574,
      "has_shap": true
    },
    "Ne3": {
      "R2": 0.8342915837674348,
      "RMSE_log10": 0.1528104491272018,
      "MAE_log10": 0.10803722503068873,
      "Spearman": 0.8385383587842073,
      "R2_cv_mean": 0.8341954355205392,
      "R2_cv_std": 0.029413565548871905,
      "RMSE_log10_cv_mean": 0.15210214665239322,
      "RMSE_log10_cv_std": 0.009022570235934576,
      "MAE_log10_cv_mean": 0.109427428713247,
      "MAE_log10_cv_std": 0.0035882329977844963,
      "RMSE_multiplier": 1.421708137200726,
      "has_shap": true
    },
    "AVG": {
      "R2": 0.6718242020572168,
      "RMSE_log10": 0.20730912918414182,
      "MAE_log10": 0.15116928163994484
    }
  }
}