feature,importance
bin1,0.42518887
bin2,0.08187267
bin3,0.03933542
bin4,0.048091777
bin5,0.04566683
bin6,0.021987967
bin7,0.011970974
bin8,0.014782239
bin9,0.0069346027
bin10,0.009871934
bin11,0.018509386
bin12,0.02486309
bin13,0.009244016
bin14,0.008226582
bin15,0.023662493
bin16,0.009451193
bin17,0.021119004
bin18,0.008324447
bin19,0.036269806
bin20,0.013551802
bin21,0.01228013
bin22,0.012162449
bin23,0.02174483
bin24,0.006625437
bin25,0.0070951898
bin26,0.0064083566
bin27,0.022395397
bin28,0.012935559
bin29,0.008564961
bin30,0.010862549
