{
  "dataset": "dataset_uniform.csv",
  "used_bins": [
    "bin1",
    "bin2",
    "bin3",
    "bin4",
    "bin5",
    "bin6",
    "bin7",
    "bin8",
    "bin9",
    "bin10",
    "bin11",
    "bin12",
    "bin13",
    "bin14",
    "bin15",
    "bin16",
    "bin17",
    "bin18",
    "bin19",
    "bin20",
    "bin21",
    "bin22",
    "bin23",
    "bin24",
    "bin25",
    "bin26",
    "bin27",
    "bin28",
    "bin29",
    "bin30"
  ],
  "dropped_bins": [],
  "RF": {
    "R2": 0.9251647539636468,
    "RMSE_log10": 0.10922196963763811,
    "MAE_log10": 0.08601161622874748,
    "Spearman": 0.8877236930923275,
    "has_shap": true,
    "R2_cv_mean": 0.9039083976108613,
    "R2_cv_std": 0.0190579972760735,
    "RMSE_log10_cv_mean": 0.11840097873052584,
    "RMSE_log10_cv_std": 0.01159331715088853,
    "MAE_log10_cv_mean": 0.08698937363380686,
    "MAE_log10_cv_std": 0.0020265436981933478,
    "RMSE_multiplier": 1.2859437429738836,
    "AUC": 0.9898373983739838,
    "roc_threshold": 100000.0
  },
  "XGB": {
    "R2": 0.9217294405193723,
    "RMSE_log10": 0.1117007599255633,
    "MAE_log10": 0.08759653765050025,
    "Spearman": 0.8940103502587567,
    "has_shap": true,
    "R2_cv_mean": 0.9100902807192268,
    "R2_cv_std": 0.01591614988940327,
    "RMSE_log10_cv_mean": 0.11451170124853796,
    "RMSE_log10_cv_std": 0.008851809325627803,
    "MAE_log10_cv_mean": 0.08572150913355085,
    "MAE_log10_cv_std": 0.003586969005065275,
    "RMSE_multiplier": 1.293304414352956,
    "AUC": 0.9894986449864498,
    "roc_threshold": 100000.0
  }
}